,investorname,No_of_Ticker,Total_value_invested,Total_Units
0,1832 ASSET MANAGEMENT LP,15,7206330000,149688779
1,3I INVESTMENTS PLC,1,426276000,6208501
2,ABERDEEN ASSET MANAGEMENT PLC,22,16685517000,673683855
3,ABRAMS CAPITAL MANAGEMENT LP,1,387012000,21608707
4,ACADIAN ASSET MANAGEMENT LLC,2,749268000,23143102
5,ADAGE CAPITAL PARTNERS GP LLC,9,4916940000,61905338
6,ADVENT INTERNATIONAL CORP,3,3452301000,117864268
7,AEW CAPITAL MANAGEMENT L P,1,548909000,2823025
8,AJO LP,8,4151729000,101320116
9,AKRE CAPITAL MANAGEMENT LLC,4,1892647000,15192945
10,ALECTA PENSIONSFORSAKRING OMSESIDIGT,8,5886802000,57625038
11,ALKEN ASSET MANAGEMENT LTD,1,469895000,11979665
12,ALLIANCEBERNSTEIN LP,71,55270272000,822027887
13,ALLIANZ ASSET MANAGEMENT GMBH,44,29452841000,488532107
14,ALPS ADVISORS INC,8,4394921000,129192954
15,ALTIMETER CAPITAL MANAGEMENT LP,2,989255000,13699153
16,AMERICAN CENTURY COMPANIES INC,50,31770668000,397079305
17,AMERICAN INTERNATIONAL GROUP INC,15,6277063000,107561038
18,AMERICAN SECURITIES LLC,1,942041000,51365358
19,AMERIPRISE FINANCIAL INC,99,91293465000,1277612585
20,AMF PENSIONSFORSAKRING AB,1,475391000,614466
21,AMP CAPITAL INVESTORS LTD,1,431991000,2213513
22,ANCHORAGE CAPITAL GROUP LLC,2,8388444000,59087890
23,AOZORA BANK LTD,1,471431000,4135000
24,APG ASSET MANAGEMENT NV,19,10129594469,182644529
25,APG ASSET MANAGEMENT US INC,12,8766383000,130930678
26,APOLLO MANAGEMENT HOLDINGS LP,2,2608853000,148699989
27,APPALOOSA MANAGEMENT LP,4,1817794000,23444859
28,AQR CAPITAL MANAGEMENT LLC,18,8321946000,118855102
29,ARCLIGHT CAPITAL PARTNERS LLC,1,439555000,47777730
30,ARROWGRASS CAPITAL PARTNERS US LP,5,3361241000,33524866
31,ARROWSTREET CAPITAL LIMITED PARTNERSHIP,7,3317454000,55305173
32,ARTAL GROUP SA,3,3588288000,201948824
33,ARTEMIS INVESTMENT MANAGEMENT LLP,1,477498000,15336223
34,ARTISAN PARTNERS LIMITED PARTNERSHIP,39,27044930000,493699712
35,ASHMORE WEALTH MANAGEMENT LLC,4,2130516000,28381070
36,ATLANTA CAPITAL MANAGEMENT CO L L C,2,818163000,4523465
37,AUTONOMY CAPITAL JERSEY LP,1,875591000,42340000
38,AVIVA PLC,1,381745000,3626693
39,AXA,3,1457651000,9699849
40,BAILLIE GIFFORD CO,41,47774066000,578494497
41,BAIN CAPITAL INVESTORS LLC,6,6364850000,250895110
42,BAKER BROS ADVISORS LP,9,9154920000,653639490
43,BAMCO INC,11,5856220000,64649237
44,BANK OF AMERICA CORP,257,286771568000,4140671325
45,BANK OF ITALY,1,871517000,4254000
46,BANK OF MONTREAL,40,42261102000,726973437
47,BANK OF NEW YORK MELLON CORP,192,215714971000,3312692437
48,BANK OF NOVA SCOTIA,12,9544730000,225719339
49,BARCLAYS PLC,35,33617233000,386805577
50,BARINGS LLC,2,1499642000,17115200
51,BARROW HANLEY MEWHINNEY STRAUSS LLC,55,56330814000,1107512862
52,BAUPOST GROUP LLC,6,3652429000,108173647
53,BB BIOTECH AG,3,1243375000,13889542
54,BBR PARTNERS LLC,1,364823000,3320714
55,BEACON CAPITAL MANAGEMENT INC,3,1380069000,16623990
56,BELVEDERE TRADING LLC,1,1514296000,7491200
57,BERKSHIRE HATHAWAY INC,31,130137483000,2143753987
58,BESSEMER GROUP INC,4,1980190000,59994722
59,BETTERMENT LLC,2,1257117000,27208029
60,BEUTEL GOODMAN CO LTD,9,5500868000,166604525
61,BIGLARI CAPITAL CORP,1,600894000,4737794
62,BILL MELINDA GATES FOUNDATION TRUST,11,15995393000,173349426
63,BLACKROCK ADVISORS LLC,69,47544416000,744870678
64,BLACKROCK FUND ADVISORS,238,235920451000,3604758779
65,BLACKROCK GROUP LTD,113,105585588000,1544730389
66,BLACKROCK INC,38,25838145000,363326328
67,BLACKROCK INSTITUTIONAL TRUST COMPANY NA,325,446958082000,6987671241
68,BLACKROCK INVESTMENT MANAGEMENT LLC,41,27091583000,423338193
69,BLACKROCK JAPAN CO LTD,7,3494547000,40673754
70,BLACKSTONE GROUP LP,12,24659828000,1050588002
71,BLUE RIDGE CAPITAL LLC,3,1676487000,14415000
72,BNP PARIBAS ARBITRAGE SA,15,15536327059,201319140
73,BOLLARD GROUP LLC,1,614028000,33298691
74,BOSTON PARTNERS,56,37906495000,786844432
75,BRAHMAN CAPITAL CORP,2,1195162000,99024919
76,BRANDYWINE GLOBAL INVESTMENT MANAGEMENT LLC,4,1674778000,44202189
77,BRAVE WARRIOR ADVISORS LLC,1,635549000,6252331
78,BRIDGER MANAGEMENT LLC,1,1485560000,7286800
79,BRIDGEWATER ASSOCIATES LP,3,5896338000,125939279
80,BROOKFIELD ASSET MANAGEMENT INC,4,10679234000,386994318
81,BROWN ADVISORY INC,23,14557010000,170408701
82,BROWN BROTHERS HARRIMAN CO,21,14690492000,261886232
83,BURGUNDY ASSET MANAGEMENT LTD,1,359202000,4201950
84,C WORLDWIDE GROUP HOLDING A,4,1795555000,15530308
85,CAISSE DE DEPOT ET PLACEMENT DU QUEBEC,33,21695315000,498853538
86,CALAMOS ADVISORS LLC,3,1380185000,12151558
87,CALEDONIA PRIVATE INVESTMENTS PTY LTD 0,1,936732000,38489610
88,CALIFORNIA PUBLIC EMPLOYEES RETIREMENT SYSTEM,29,18318594000,293478577
89,CALIFORNIA STATE TEACHERS RETIREMENT SYSTEM,14,8031199000,111027171
90,CANADA PENSION PLAN INVESTMENT BOARD,13,7696855000,164848769
91,CANTILLON CAPITAL MANAGEMENT LLC,6,2807182000,30411514
92,CANYON CAPITAL ADVISORS LLC,1,390837000,6926058
93,CAPITAL GUARDIAN TRUST CO,1,384324000,501097
94,CAPITAL INTERNATIONAL INVESTORS,53,39907095000,604725869
95,CAPITAL RESEARCH GLOBAL INVESTORS,164,262559444000,4427944669
96,CAPITAL WORLD INVESTORS,174,327212620000,5087322244
97,CAPSTONE INVESTMENT ADVISORS LLC,1,460301000,4373000
98,CARLYLE GROUP LP,5,5719475000,197434354
99,CARMIGNAC GESTION,10,6572998000,82223020
100,CBRE CLARION SECURITIES LLC,14,8201474000,135825641
101,CCMP CAPITAL LP,2,1105838000,75949168
102,CEDAR ROCK CAPITAL LTD,5,3668904000,40567228
103,CENTERBRIDGE PARTNERS LP,1,678320000,42661591
104,CHARLES SCHWAB INVESTMENT ADVISORY INC,6,2883760000,71042741
105,CHEVY CHASE TRUST HOLDINGS INC,3,1420733000,13672019
106,CHIEFTAIN CAPITAL MANAGEMENT INC,1,374726000,14473762
107,CI GLOBAL INVESTMENTS INC,1,412237000,4841020
108,CI INVESTMENTS INC,1,688353000,13301505
109,CIBC ASSET MANAGEMENT INC,9,5024563000,131414375
110,CIBC WORLD MARKETS CORP,1,447173000,4248267
111,CIBC WORLD MARKETS INC,13,14019665000,350667076
112,CITADEL ADVISORS LLC,19,18136520000,348465320
113,CITIGROUP INC,27,34746452000,365565886
114,CLAYTON DUBILIER RICE LLC,2,1226772000,83806321
115,CLEARBRIDGE INVESTMENTS LLC,65,51892965000,835670135
116,COATUE MANAGEMENT LLC,11,6688091000,75388048
117,COHEN STEERS INC,28,26801047000,564491327
118,COLUMBUS CIRCLE INVESTORS,1,428612000,4071936
119,COMGEST GLOBAL INVESTORS SAS,2,1144161000,40272326
120,COMMERZBANK AKTIENGESELLSCHAFT,3,2322952000,27674286
121,COMMONWEALTH BANK OF AUSTRALIA,2,767453000,27111951
122,COMMONWEALTH EQUITY SERVICES INC,1,386786000,3888077
123,CONNOR CLARK LUNN INVESTMENT MANAGEMENT LTD4,6,3179237000,80215602
124,CORNERSTONE CAPITAL MANAGEMENT HOLDINGS LLC,1,1745872000,9632925
125,CORVEX MANAGEMENT LP,7,5576178000,180312842
126,CREATIVE PLANNING,9,5729429000,98177370
127,CREDIT AGRICOLE S A,6,3100549000,57099013
128,CREDIT SUISSE AG,34,21977829000,434116921
129,CRESTLINE MANAGEMENT LP,1,1132937000,25948799
130,CYRUS CAPITAL PARTNERS LP,1,378437000,10509208
131,D E SHAW CO INC,24,12251780000,143678245
132,DAIICHI LIFE HOLDINGS INC,1,518360000,36789204
133,DAIWA SECURITIES GROUP INC,13,7728111000,109613851
134,DAVIDSON KEMPNER CAPITAL MANAGEMENT LP,2,1597599000,16426886
135,DAVIS SELECTED ADVISERS,21,16656868000,201437848
136,DEKABANK DEUTSCHE GIROZENTRALE,1,581055000,23682135
137,DEUTSCHE BANK AG,81,60915564000,1054153895
138,DIAMOND HILL CAPITAL MANAGEMENT INC,4,1550605000,40359769
139,DIMENSIONAL FUND ADVISORS LP,47,34576181000,648668454
140,DISCOVERY CAPITAL MANAGEMENT LLC,3,1738205000,36686704
141,DODGE COX,60,98688028000,2846472279
142,DONALD SMITH CO INC,1,408898000,9474010
143,DRW SECURITIES LLC,1,485232000,4782500
144,DSM CAPITAL PARTNERS LLC,3,1381263000,2494591
145,DUPONT CAPITAL MANAGEMENT CORP,1,663957000,9969322
146,EAGLE CAPITAL MANAGEMENT LLC,23,23284986000,378746396
147,EATON VANCE MANAGEMENT,17,10666524000,146793470
148,EDELMAN FINANCIAL SERVICES LLC,7,6023724000,97652490
149,EDGEPOINT INVESTMENT GROUP INC,1,391550000,6318380
150,EDGEWOOD MANAGEMENT LLC,19,12181483000,124232896
151,EGERTON CAPITAL UK LLP,11,6234661000,83004324
152,ELLIOTT MANAGEMENT CORP,7,4596360000,163919164
153,EMINENCE CAPITAL LP,3,1783355000,25864195
154,EMPYREAN CAPITAL PARTNERS LP,1,578787000,2839000
155,ENVESTNET ASSET MANAGEMENT INC,8,3774581000,52158325
156,EPOCH INVESTMENT PARTNERS INC,16,8245078000,123301173
157,EQUITEC PROPRIETARY MARKETS LLC,1,1044467000,5123200
158,ETON PARK CAPITAL MANAGEMENT LP,3,1347126000,24982766
159,EVERCORE TRUST COMPANY NA,11,24631886000,549833370
160,EVERETT HARRIS CO,1,398493000,851766
161,FAIRFAX FINANCIAL HOLDINGS LTD,1,433276000,46724700
162,FAIRHOLME CAPITAL MANAGEMENT LLC,3,1556547000,74726910
163,FARALLON CAPITAL MANAGEMENT LLC,6,5377919000,34967421
164,FAYEZ SAROFIM CO,9,7241075000,116116856
165,FEDERATED INVESTORS INC,16,9538383000,159192526
166,FEINBERG STEPHEN,1,773864000,41516297
167,FIDUCIARY MANAGEMENT INC,24,14100603000,300903454
168,FIERA CAPITAL CORP,2,952010000,20962108
169,FIFTH THIRD BANCORP,1,454061000,5717924
170,FIL LTD,22,11334979000,210929600
171,FINDLAY PARK PARTNERS LLP,3,1187221000,13212540
172,FIR TREE INC,1,462454000,9742019
173,FIRST EAGLE INVESTMENT MANAGEMENT LLC,36,23736172000,520719862
174,FIRST MANHATTAN CO,5,5362506000,41284352
175,FIRST PACIFIC ADVISORS LLC,11,6210241000,156496470
176,FIRST REPUBLIC INVESTMENT MANAGEMENT INC,1,381376000,1870685
177,FIRST TRUST ADVISORS LP,8,6625476000,89937960
178,FISHER ASSET MANAGEMENT LLC,50,36694380000,701763590
179,FLAGSHIP VENTURES FUND IV GENERAL PARTNER LLC,1,494193000,14083579
180,FLEMING JAMES B JR,1,496477000,18671561
181,FLOSSBACH VON STORCH AG,3,1271129000,18586750
182,FMR LLC,417,593863030000,9504221196
183,FOLKETRYGDFONDET,4,2989948000,166371762
184,FORE RESEARCH MANAGEMENT LP,3,2462076000,320596000
185,FORTRESS INVESTMENT GROUP LLC,4,4859145000,178537876
186,FPR PARTNERS LLC,6,2998193000,60381985
187,FRANKLIN RESOURCES INC,144,131946395000,2482680934
188,FRED ALGER MANAGEMENT INC,9,6576720000,52097243
189,FUNDSMITH LLP,1,417858000,7531685
190,GARDNER RUSSO GARDNER LLC,10,8874509000,101268781
191,GATEWAY INVESTMENT ADVISERS LLC,1,403456000,3832945
192,GENERAL ATLANTIC LLC,2,1091003000,43367282
193,GENERAL ELECTRIC CO,13,7813032000,110024555
194,GENERATION INVESTMENT MANAGEMENT LLP,8,4300030000,68668237
195,GEODE CAPITAL MANAGEMENT LLC,97,94387947000,1427013041
196,GFW ENERGY VIII LP,1,1201673000,74407005
197,GILDER GAGNON HOWE CO LLC,3,1461819000,80088079
198,GLENVIEW CAPITAL MANAGEMENT LLC,17,12153646000,194598457
199,GOLDMAN SACHS GROUP INC,172,159854590000,2482000712
200,GRANITE POINT CAPITAL MANAGEMENT LP,1,517830000,2540000
201,GRANTHAM MAYO VAN OTTERLOO CO LLC,18,13546453000,181681294
202,GREAT WEST LIFE ASSURANCE CO,6,3298182000,62249112
203,GREEN VALLEY INVESTORS LLC,3,1714317000,17275000
204,GREENHAVEN ASSOCIATES INC,6,3507441000,60107384
205,GREENLEAF TRUST,1,2608887000,28070660
206,GREENLIGHT CAPITAL INC,4,1911117000,35623892
207,GREYLOCK XIII GP LLC,1,417878000,26838635
208,GUARDIAN CAPITAL LP,1,423896000,10816219
209,H PARTNERS MANAGEMENT LLC,2,1232052000,20709278
210,HARDING LOEVNER LP,5,2613195000,139576765
211,HARRIS ASSOCIATES L P,53,49237317000,1039484807
212,HARVEST FUND ADVISORS LLC,5,2736566045,76146556
213,HBK INVESTMENTS L P,5,4487142000,40811752
214,HERSHEY TRUST CO,1,6544913000,73315933
215,HIGHFIELDS CAPITAL MANAGEMENT LP,8,5472983000,70322417
216,HIGHSTAR CAPITAL LP,1,615169000,41231155
217,HILLHOUSE CAPITAL MANAGEMENT LTD,2,4373045000,131910088
218,HORIZON KINETICS LLC,1,473985000,4188629
219,HOTCHKIS WILEY CAPITAL MANAGEMENT LLC,20,11637567000,415699310
220,HOUND PARTNERS LLC,4,2131736000,32127834
221,HSBC HOLDINGS PLC,10,6644202000,101745116
222,HUTCHIN HILL CAPITAL LP,1,523770000,6500000
223,ICAHN CARL C,14,27540945000,865735481
224,IG INVESTMENT MANAGEMENT LTD,10,9061064000,261916165
225,INDEPENDENT FRANCHISE PARTNERS LLP,15,8030686000,131449508
226,ING GROEP NV,5,3538543000,97408821
227,INSTITUTIONAL CAPITAL LLC,15,6261708000,77774175
228,INTEGRAL DERIVATIVES LLC,2,1056680000,5182600
229,INTERNATIONAL VALUE ADVISERS LLC,2,1008065000,36422300
230,INVESCO LTD,158,145328361000,2490982291
231,INVESTEC ASSET MANAGEMENT LTD,2,910370000,14196926
232,INVESTOR AB,1,1128157000,19394142
233,IRIDIAN ASSET MANAGEMENT LLC,14,6497849000,101545628
234,JACKSON SQUARE PARTNERS LLC,26,22553585000,271361771
235,JANA PARTNERS LLC,7,4430854000,71665014
236,JANE STREET GROUP LLC,1,440613000,13687900
237,JANUS CAPITAL MANAGEMENT LLC,72,57919440000,782221557
238,JANUS HENDERSON GROUP PLC,3,1288311000,11309161
239,JARISLOWSKY FRASER LTD,10,5825667000,173729112
240,JEFFERIES GROUP LLC,6,4681100000,28179100
241,JENNISON ASSOCIATES LLC,58,68649961000,685994084
242,JENSEN INVESTMENT MANAGEMENT INC,1,365809000,2373995
243,JERICHO CAPITAL ASSET MANAGEMENT LP,1,364601000,11429488
244,JONES FINANCIAL COMPANIES LLLP,9,13186561000,154773354
245,JPMORGAN CHASE CO,254,291945951000,4401998612
246,JUMP TRADING LLC,2,1504418000,73793
247,JW CHILDS ASSOCIATES LP,1,581968000,13039840
248,KAYNE ANDERSON CAPITAL ADVISORS LP 0,6,3592699000,114525425
249,KCG HOLDINGS INC,2,1218816000,5978400
250,KELLOGG W K FOUNDATION TRUST,1,5042581000,69774190
251,KELSO COMPANY LP,1,634207000,40139699
252,KENSICO CAPITAL MANAGEMENT CORP,3,1935109000,23747300
253,KEYBANK NATIONAL ASSOCIATION,2,2506702000,29807725
254,KOHLBERG KRAVIS ROBERTS CO LP,5,8512188000,131320259
255,KOREA INVESTMENT CORP,3,2342808000,80739529
256,LANSDOWNE PARTNERS UK LLP,13,13754473000,160561594
257,LASALLE INVESTMENT MANAGEMENT SECURITIES LLC,8,4890443000,46694150
258,LAURION CAPITAL MANAGEMENT LP,2,871595000,6251400
259,LAZARD ASSET MANAGEMENT LLC,28,18259440000,400345856
260,LEE THOMAS H PARTNERS LP,3,2527362000,122451760
261,LEGAL GENERAL GROUP PLC,47,38098137000,585526346
262,LEONARD GREEN PARTNERS LP,1,486265000,19091695
263,LETKO BROSSEAU ASSOCIATES INC,1,372654000,14438771
264,LEUCADIA NATIONAL CORP,1,631896000,46600000
265,LEVIN CAPITAL STRATEGIES LP,1,360749000,11175637
266,LILLY ENDOWMENT INC,1,10773551000,127860804
267,LINDSELL TRAIN LTD,1,427976000,9544519
268,LJ TRUST CO LLC,1,426718000,5373601
269,LMM LLC,1,490493000,725700
270,LOEWS CORP,3,11692671000,441087853
271,LONDON CO OF VIRGINIA,2,904601000,8242027
272,LONE PINE CAPITAL LLC,26,19357629000,223374020
273,LONGVIEW ASSET MANAGEMENT LLC,1,4577643000,33325881
274,LONGVIEW PARTNERS GUERNSEY LTD,21,13609489000,216976833
275,LOOMIS SAYLES CO L P,29,20282240000,394109370
276,LORD ABBETT CO LLC,5,2320199000,62847111
277,LOURD CAPITAL LLC,1,572934000,383934
278,LPL FINANCIAL LLC,12,8733213000,88133490
279,LSV ASSET MANAGEMENT,25,15247046000,296317223
280,LUMINA FUND MANAGEMENT LLC,1,693099000,3399375
281,LUXOR CAPITAL GROUP LP,1,381231000,11462156
282,MACKENZIE FINANCIAL CORP,4,1771728000,34790696
283,MACQUARIE GROUP LTD,40,23778556000,475009307
284,MAGELLAN ASSET MANAGEMENT LTD,19,17126447000,293671879
285,MAGNETAR FINANCIAL LLC,7,3545840000,59086219
286,MAKENA CAPITAL MANAGEMENT LLC,1,413242000,7037500
287,MANDATUM LIFE INSURANCE CO LTD,1,415928000,2028718
288,MANNING NAPIER ADVISORS LLC,15,6913175000,171465766
289,MANUFACTURERS LIFE INSURANCE COMPANY THE,48,64612131000,638485490
290,MAPLE SECURITIES USA INC,1,662272000,3248183
291,MARCATO CAPITAL MANAGEMENT LP,1,759563000,18427058
292,MARKEL CORP,1,414008000,1512691
293,MARSHALL WACE LLP,1,449999000,9390614
294,MARSICO CAPITAL MANAGEMENT LLC,2,841713000,4964037
295,MASON CAPITAL MANAGEMENT LLC,2,1328182000,14200000
296,MASSACHUSETTS FINANCIAL SERVICES CO,134,153179758000,2119521290
297,MASTERS CAPITAL MANAGEMENT LLC,1,746765000,7760200
298,MATLINPATTERSON GLOBAL ADVISERS LLC,1,1624590000,42842557
299,MATRIX CAPITAL MANAGEMENT COMPANY LP,1,458138000,4005400
300,MAVERICK CAPITAL LTD,4,1672504000,49983202
301,MAWER INVESTMENT MANAGEMENT LTD,1,371181000,4025388
302,MERITAGE GROUP LP,1,397004000,2168236
303,MHR FUND MANAGEMENT LLC,1,978536000,30211049
304,MIGDAL INSURANCE FINANCIAL HOLDINGS LTD,1,728914000,3899394
305,MILLENNIUM MANAGEMENT LLC,6,3811209000,34195617
306,MILLER HOWARD INVESTMENTS INC,1,389885000,15241771
307,MILLIMAN FINANCIAL RISK MANAGEMENT LLC,5,7786775000,89203628
308,MITSUBISHI UFJ FINANCIAL GROUP INC,1,13742466000,432017152
309,MITSUBISHI UFJ TRUST BANKING CORP,17,10360195000,162299190
310,MIVTACHIM THE WORKERS SOCIAL INSURANCE FUND LTD UNDER SPECIAL MANAGEMENT,1,589198000,7389924
311,MIZUHO FINANCIAL GROUP INC,1,1044540000,3067485
312,MIZUHO TRUST BANKING CO LTD,10,5102621000,62433640
313,MOODY NATIONAL BANK TRUST DIVISION,1,1119697000,10943101
314,MORGAN STANLEY,172,158594076000,2288045214
315,MP THRIFT GLOBAL ADVISERS III LLC,1,822724000,35600352
316,MPM ASSET MANAGEMENT LLC,1,358855000,5831253
317,MT BANK CORP,4,1653050000,26007062
318,NATIONAL MUTUAL INSURANCE FEDERATION OF AGRICULTURAL COOPERATIVES,3,1940862000,12343110
319,NATIONWIDE FUND ADVISORS,2,875438000,5151258
320,NATIXIS,3,1995067000,12162204
321,NEA MANAGEMENT COMPANY LLC,1,463255000,8854255
322,NEUBERGER BERMAN GROUP LLC,43,21036919000,360838554
323,NEW ENGLAND ASSET MANAGEMENT INC,4,3170582000,69463327
324,NEW YORK STATE COMMON RETIREMENT FUND,30,19381654000,312690304
325,NEW YORK STATE TEACHERS RETIREMENT SYSTEM,15,8524105000,120172133
326,NIPPON LIFE INSURANCE CO,1,815802000,18137000
327,NOKOTA MANAGEMENT LP,2,917505000,4500000
328,NOMURA HOLDINGS INC,12,22004060000,384428430
329,NORDEA INVESTMENT MANAGEMENT AB,22,12264603000,200057503
330,NORGES BANK,109,112036314000,1825275200
331,NORINCHUKIN BANK THE,2,1669855000,8172930
332,NORTHERN CROSS LLC,5,4933803000,90614340
333,NORTHERN TRUST CORP,166,184817328000,2770360182
334,NORTHWESTERN MUTUAL INVESTMENT MANAGEMENT COMPANY LLC,1,788343000,3866892
335,NORTHWESTERN MUTUAL WEALTH MANAGEMENT CO,1,380085000,1864345
336,NOVO HOLDINGS A,1,385621000,4910487
337,NUVEEN ASSET MANAGEMENT LLC,3,4183271000,38025332
338,OAK HILL CAPITAL MANAGEMENT LLC,1,406067000,13115870
339,OAKTREE CAPITAL MANAGEMENT LP,2,2110057000,84481591
340,ONTARIO TEACHERS PENSION PLAN BOARD,3,2997955000,52824865
341,OPPENHEIMERFUNDS INC,51,32334132000,650222216
342,ORANGE CAPITAL LLC,1,522046000,4640000
343,ORBIMED ADVISORS LLC,9,4106272000,57958765
344,ORBIS HOLDINGS LTD,11,7648789000,120794377
345,OWL CREEK ASSET MANAGEMENT LP,1,621804000,3050000
346,OZ MANAGEMENT LP,10,4696170000,74921400
347,PANAGORA ASSET MANAGEMENT INC,3,1606596000,15993772
348,PAR CAPITAL MANAGEMENT INC,4,1982391000,30084613
349,PARALLAX VOLATILITY ADVISERS LP,16,25701069000,224137100
350,PARAMETRIC PORTFOLIO ASSOCIATES LLC,22,13282656000,187261386
351,PARAMETRIC RISK ADVISORS LLC,1,587959000,5617800
352,PARNASSUS INVESTMENTS,16,7342467000,136450311
353,PASSPORT CAPITAL LLC,4,2556217000,58549103
354,PAULSON CO INC,15,13530496000,194821576
355,PENTWATER CAPITAL MANAGEMENT LP,10,9647473000,74294047
356,PERRY CORP,1,421348000,22604500
357,PERSHING SQUARE CAPITAL MANAGEMENT LP,8,12459605000,220579970
358,PGGM INVESTMENTS,5,2335721000,32443742
359,PICTET ASSET MANAGEMENT LTD,2,758679000,7255077
360,PINE RIVER CAPITAL MANAGEMENT LP,2,1847232000,15557398
361,PIONEER INVESTMENT MANAGEMENT INC,9,5272617000,69596570
362,PLATINUM INVESTMENT MANAGEMENT LTD,1,363943000,474798
363,PNC FINANCIAL SERVICES GROUP INC,41,48315440000,563498910
364,POINTSTATE CAPITAL LP,2,1076710000,21977423
365,POLEN CAPITAL MANAGEMENT LLC,4,2108230000,21996138
366,PRESCOTT GENERAL PARTNERS LLC,2,853549000,6879281
367,PRICE T ROWE ASSOCIATES INC,274,391041901000,5745806884
368,PRIMECAP MANAGEMENT CO,65,81137673000,1528924440
369,PRINCIPAL FINANCIAL GROUP INC,28,15216187000,198672181
370,PROQUEST ASSOCIATES IV LLC,1,423859000,4780188
371,PROVIDA PENSION FUND ADMINISTRATOR,4,2417053450,88185020
372,PRUDENTIAL FINANCIAL INC,24,13995990000,229394035
373,PRUDENTIAL PLC,10,5442528000,85217050
374,PUBLIC EMPLOYEES RETIREMENT SYSTEM OF OHIO,1,448852000,4264221
375,PUBLIC SECTOR PENSION INVESTMENT BOARD,5,2433086000,32945935
376,PUTNAM INVESTMENTS LLC,25,16745228000,211873316
377,PZENA INVESTMENT MANAGEMENT LLC,12,5142119000,134623439
378,QS INVESTORS LLC,3,1801187000,19123886
379,QVT FINANCIAL LP,1,392594000,5592500
380,RARE INFRASTRUCTURE LTD,1,395087000,4202601
381,RAYMOND JAMES ASSOCIATES,6,3038116000,31213599
382,RBS PARTNERS LP,2,864401000,29127445
383,RENAISSANCE TECHNOLOGIES LLC,6,3063542000,39097009
384,RETIREMENT SYSTEMS OF ALABAMA,2,843721000,17753631
385,RHUMBLINE ADVISERS,7,3662680000,42077553
386,RMB CAPITAL MANAGEMENT LLC,1,657075000,99000
387,ROBERT WOOD JOHNSON FOUNDATION,1,1335360000,13000000
388,RONALD BLUE CO LLC,3,1248848000,47188426
389,ROYAL BANK OF CANADA,77,80004214000,1887578924
390,RUANE CUNNIFF GOLDFARB INC,10,12726848000,106800573
391,RUFFER LLP,1,394211000,2727812
392,RUSSELL FRANK CO,16,8985824000,166468998
393,SACHEM HEAD CAPITAL MANAGEMENT LP,3,1838740000,25672333
394,SAILINGSTONE CAPITAL PARTNERS LLC,3,1421978000,254261830
395,SALIENT TRUST CO LTA,1,382935000,4912571
396,SANDERS CAPITAL LLC,11,5783645000,126448087
397,SANDS CAPITAL MANAGEMENT LLC,33,37383610000,386483255
398,SCHRODER INVESTMENT MANAGEMENT GROUP,23,12489548000,213639848
399,SCHWAB CHARLES INVESTMENT MANAGEMENT INC,35,23725762000,369662667
400,SCOPIA CAPITAL MANAGEMENT LP,4,2086282000,39200315
401,SCS CAPITAL MANAGEMENT LLC,3,1538402000,17069579
402,SEI INVESTMENTS CO,1,412934000,537343
403,SELECT EQUITY GROUP LP,3,1738123844,18395728
404,SENATOR INVESTMENT GROUP LP,3,1591744000,12975000
405,SENTRY INVESTMENTS CORP,3,1822073000,29862386
406,SG AMERICAS SECURITIES LLC,5,2896059000,40557247
407,SHELL ASSET MANAGEMENT CO,1,419229000,2056353
408,SHINKO ASSET MANAGEMENT CO LTD,5,2527283000,35904199
409,SILCHESTER INTERNATIONAL INVESTORS LLP,1,603020000,28484637
410,SILVER LAKE GROUP LLC,4,6767022000,132296081
411,SILVER POINT CAPITAL LP,1,365484000,4710452
412,SINGAPORE TECHNOLOGIES TELEMEDIA PTE LTD,1,3535121000,65031667
413,SOROBAN CAPITAL PARTNERS LP,13,9545307000,152480614
414,SOUTHEASTERN ASSET MANAGEMENT INC,12,8397998000,160433913
415,SPO ADVISORY CORP,8,5130911000,69179250
416,SPROTT INC,1,1803515000,8846400
417,SQ ADVISORS LLC,4,1646727000,36969989
418,SRS INVESTMENT MANAGEMENT LLC,2,1626444000,18928173
419,STADION MONEY MANAGEMENT LLC,1,633865000,3093985
420,STANDARD LIFE INVESTMENTS LTD,21,10228239000,183197314
421,STARBOARD VALUE LP,2,1832865000,21335000
422,STARR INTERNATIONAL CO INC,1,956208000,15430175
423,STATE BOARD OF ADMINISTRATION OF FLORIDA RETIREMENT SYSTEM,5,2663782000,35287823
424,STATE FARM MUTUAL AUTOMOBILE INSURANCE CO,46,54692622000,846891159
425,STATE OF NEW JERSEY COMMON PENSION FUND D,7,3653141000,42223000
426,STATE OF TENNESSEE TREASURY DEPARTMENT,3,1261460000,13085912
427,STATE OF WISCONSIN INVESTMENT BOARD,4,2100840000,18846159
428,STATE STREET CORP,437,786107512000,12729966672
429,STATE TREASURER STATE OF MICHIGAN,3,1357231000,14650157
430,STEADFAST CAPITAL MANAGEMENT LP,1,374976000,6898022
431,STERLING CAPITAL MANAGEMENT LLC,1,369205000,1975097
432,STIFEL FINANCIAL CORP,1,430085000,4086284
433,STRS OHIO,3,1459377000,13807240
434,SUMITOMO MITSUI TRUST HOLDINGS INC,30,19281731000,302796517
435,SUN VALLEY GOLD LLC,1,1091446000,10757400
436,SUNTRUST BANKS INC,5,5400229000,113407784
437,SUSQUEHANNA INTERNATIONAL GROUP LLP,102,114341637000,1192397677
438,SWAN GLOBAL INVESTMENTS LLC,1,413283000,2006910
439,SWEDBANK,9,5270218000,53306832
440,SWISS NATIONAL BANK,13,7607241000,112296476
441,SWISS RE LTD,1,658180000,5773000
442,SYNOVUS FINANCIAL CORP,2,1124278000,23902725
443,TA ASSOCIATES LP,1,501378000,43522422
444,TACONIC CAPITAL ADVISORS LP,2,1049557000,5145000
445,TCI FUND MANAGEMENT LTD,2,4148500000,36359692
446,TCTC HOLDINGS LLC,1,555062000,13914823
447,TCW GROUP INC,1,402281000,529514
448,TD AMERITRADE INVESTMENT MANAGEMENT LLC,4,2010112000,20225960
449,TD ASSET MANAGEMENT INC,26,22619750000,573225284
450,TEACHER RETIREMENT SYSTEM OF TEXAS,2,823279000,4675492
451,TEACHERS ADVISORS LLC,18,9286181000,159187540
452,TECHNOLOGY CROSSOVER MANAGEMENT VII LTD,1,575951000,5035420
453,TEMASEK HOLDINGS PRIVATE LTD,8,10856273000,189699516
454,TESUJI PARTNERS LLC,1,410400000,8910110
455,THELEME PARTNERS LLP,1,471104000,8666375
456,THIRD POINT LLC,5,6912136000,95667900
457,THIRD SECURITY LLC,1,1873741000,62147301
458,THORNBURG INVESTMENT MANAGEMENT INC,5,2766445000,44010032
459,THRIVENT FINANCIAL FOR LUTHERANS,2,902936000,4560986
460,TIAA CREF INVESTMENT MANAGEMENT LLC,80,66938833000,939957775
461,TIAA CREF TRUST CO FSB,8,4792313000,53950299
462,TIGER GLOBAL MANAGEMENT LLC,7,9632257000,146234747
463,TILDEN PARK MANAGEMENT I LLC,1,402900000,5000000
464,TIMBER HILL LLC,6,5648119000,40339500
465,TIMESSQUARE CAPITAL MANAGEMENT LLC,1,396681000,3775400
466,TORONTO DOMINION BANK,13,9699483000,215883022
467,TORTOISE CAPITAL ADVISORS LLC,11,7251054000,205690970
468,TPG GROUP HOLDINGS SBS ADVISORS INC,9,11658852000,296656680
469,TPH ASSET MANAGEMENT LLC,1,426863000,205618
470,TRG INVESTMENTS LLC,1,516163000,16000083
471,TRIAN FUND MANAGEMENT LP,9,12328921000,303485384
472,TSG6 MANAGEMENT LLC,1,1015800000,64990396
473,TUDOR INVESTMENT CORP ET AL,1,470899000,2309800
474,TWEEDY BROWNE CO LLC,1,379381000,3693349
475,TWIN TREE MANAGEMENT LP,2,1154312000,5662000
476,UBS ASSET MANAGEMENT AMERICAS INC,46,32789270000,448238452
477,UBS GROUP AG,88,69918941000,1001123572
478,UBS OCONNOR LLC,1,496084000,8579797
479,UNITED CAPITAL FINANCIAL ADVISERS LLC,1,554589000,11087340
480,UNITED SERVICES AUTOMOBILE ASSOCIATION,7,3328307000,36718531
481,US BANCORP,10,5686773000,72091552
482,VALIANT CAPITAL MANAGEMENT LP,1,386304000,3670000
483,VALMARK ADVISERS INC,3,1333997000,20081375
484,VALUEACT HOLDINGS LP,13,14353211000,284701881
485,VAN ECK ASSOCIATES CORP,3,1316664000,62852033
486,VANGUARD GROUP INC,712,1291521537000,22922030789
487,VERDE SERVICOS INTERNACIONAIS SA,4,3626599000,30820000
488,VERITABLE LP,2,1054457000,4735137
489,VERITAS ASSET MANAGEMENT LLP,13,6610324000,110721892
490,VESTAR CAPITAL PARTNERS LLC,2,1532048000,50274445
491,VIKING GLOBAL INVESTORS LP,22,21472808000,186426381
492,VISIUM ASSET MANAGEMENT LP,1,357795000,1110685
493,VONTOBEL ASSET MANAGEMENT INC,14,7555725000,206672262
494,VOYA INVESTMENT MANAGEMENT LLC,18,9556569000,111815276
495,VULCAN VALUE PARTNERS LLC,11,5475647000,111443969
496,WADDELL REED FINANCIAL INC,49,33434349000,421375685
497,WALLEYE TRADING LLC,2,1668580000,8184600
498,WARBURG PINCUS LLC,5,4964144000,350709975
499,WCM INVESTMENT MANAGEMENT,3,1372993000,39986562
500,WEALTHCARE CAPITAL MANAGEMENT LLC,1,359683000,3406415
501,WEALTHFRONT INC,1,408730000,3918791
502,WEDGEWOOD PARTNERS INC,6,2666065000,31689359
503,WELLCOME TRUST LTD THE AS TRUSTEE OF THE WELLCOME TRUST,2,735133000,10110000
504,WELLINGTON MANAGEMENT GROUP LLP,210,303384356000,4799712941
505,WELLS FARGO COMPANY,165,143274193000,2011903608
506,WESTCHESTER CAPITAL MANAGEMENT LLC,1,504628000,2475000
507,WESTFIELD CAPITAL MANAGEMENT CO LP,2,836702000,4288654
508,WHITE MOUNTAINS INSURANCE GROUP LTD,1,653267000,20562379
509,WHITEBOX ADVISORS LLC,2,1333441000,6540000
510,WILLIAM BLAIR INVESTMENT MANAGEMENT LLC,5,2240675000,35405282
511,WINDHAVEN INVESTMENT MANAGEMENT INC,12,7714426000,177361304
512,WINSLOW CAPITAL MANAGEMENT LLC,36,21446802000,237333657
513,WOODFORD INVESTMENT MANAGEMENT LTD,4,2164883000,37393820
514,WS MANAGEMENT LLLP,1,695307000,2402067
515,YACKTMAN ASSET MANAGEMENT LP,9,9866467000,218884628
516,YORK CAPITAL MANAGEMENT GLOBAL ADVISORS LLC,1,425344000,17849100
517,ZURCHER KANTONALBANK ZURICH CANTONALBANK,1,746083000,38259693
